Mechanism Code,OU,Agency,Fiscal Year,Implementing Mechanism Name
70000,Botswana,DOD,2018,Placeholder - 70000 Botswana DOD
70001,Botswana,DOD,2018,Placeholder - 70001 Botswana DOD
70002,Botswana,HHS/CDC,2018,Placeholder - 70002 Botswana HHS/CDC
70003,Botswana,HHS/CDC,2018,Placeholder - 70003 Botswana HHS/CDC
70004,Botswana,HHS/CDC,2018,Placeholder - 70004 Botswana HHS/CDC
70005,Botswana,HHS/CDC,2018,Placeholder - 70005 Botswana HHS/CDC
70006,Botswana,HHS/CDC,2018,Placeholder - 70006 Botswana HHS/CDC
70007,Botswana,HHS/CDC,2018,Placeholder - 70007 Botswana HHS/CDC
70008,Botswana,HHS/HRSA,2018,Placeholder - 70008 Botswana HHS/HRSA
70009,Botswana,HHS/HRSA,2018,Placeholder - 70009 Botswana HHS/HRSA
70010,Botswana,HHS/HRSA,2018,Placeholder - 70010 Botswana HHS/HRSA
70011,Botswana,PC,2018,Placeholder - 70011 Botswana PC
70012,Botswana,PC,2018,Placeholder - 70012 Botswana PC
70013,Botswana,USAID,2018,Placeholder - 70013 Botswana USAID
70014,Botswana,USAID,2018,Placeholder - 70014 Botswana USAID
70015,Botswana,USAID,2018,Placeholder - 70015 Botswana USAID
70016,Botswana,USAID,2018,Placeholder - 70016 Botswana USAID
70017,Botswana,USAID,2018,Placeholder - 70017 Botswana USAID
70018,Burundi,DOD,2018,Placeholder - 70018 Burundi DOD
70019,Burundi,DOD,2018,Placeholder - 70019 Burundi DOD
70020,Burundi,USAID,2018,Placeholder - 70020 Burundi USAID
70021,Burundi,USAID,2018,Placeholder - 70021 Burundi USAID
70022,Burundi,USAID,2018,Placeholder - 70022 Burundi USAID
70023,Burundi,USAID,2018,Placeholder - 70023 Burundi USAID
70024,Burundi,USAID,2018,Placeholder - 70024 Burundi USAID
70025,Burundi,USAID,2018,Placeholder - 70025 Burundi USAID
70026,Cameroon,DOD,2018,Placeholder - 70026 Cameroon DOD
70027,Cameroon,DOD,2018,Placeholder - 70027 Cameroon DOD
70028,Cameroon,HHS/CDC,2018,Placeholder - 70028 Cameroon HHS/CDC
70029,Cameroon,HHS/CDC,2018,Placeholder - 70029 Cameroon HHS/CDC
70030,Cameroon,HHS/CDC,2018,Placeholder - 70030 Cameroon HHS/CDC
70031,Cameroon,HHS/CDC,2018,Placeholder - 70031 Cameroon HHS/CDC
70032,Cameroon,HHS/CDC,2018,Placeholder - 70032 Cameroon HHS/CDC
70033,Cameroon,PC,2018,Placeholder - 70033 Cameroon PC
70034,Cameroon,PC,2018,Placeholder - 70034 Cameroon PC
70035,Cameroon,USAID,2018,Placeholder - 70035 Cameroon USAID
70036,Cameroon,USAID,2018,Placeholder - 70036 Cameroon USAID
70037,Cameroon,USAID,2018,Placeholder - 70037 Cameroon USAID
70038,Cote d'Ivoire,DOD,2018,Placeholder - 70038 Cote d'Ivoire DOD
70039,Cote d'Ivoire,DOD,2018,Placeholder - 70039 Cote d'Ivoire DOD
70040,Cote d'Ivoire,HHS/CDC,2018,Placeholder - 70040 Cote d'Ivoire HHS/CDC
70041,Cote d'Ivoire,HHS/CDC,2018,Placeholder - 70041 Cote d'Ivoire HHS/CDC
70042,Cote d'Ivoire,HHS/CDC,2018,Placeholder - 70042 Cote d'Ivoire HHS/CDC
70043,Cote d'Ivoire,HHS/CDC,2018,Placeholder - 70043 Cote d'Ivoire HHS/CDC
70044,Cote d'Ivoire,HHS/CDC,2018,Placeholder - 70044 Cote d'Ivoire HHS/CDC
70045,Cote d'Ivoire,HHS/CDC,2018,Placeholder - 70045 Cote d'Ivoire HHS/CDC
70046,Cote d'Ivoire,HHS/CDC,2018,Placeholder - 70046 Cote d'Ivoire HHS/CDC
70047,Cote d'Ivoire,HHS/CDC,2018,Placeholder - 70047 Cote d'Ivoire HHS/CDC
70048,Cote d'Ivoire,HHS/CDC,2018,Placeholder - 70048 Cote d'Ivoire HHS/CDC
70049,Cote d'Ivoire,HHS/CDC,2018,Placeholder - 70049 Cote d'Ivoire HHS/CDC
70050,Cote d'Ivoire,HHS/CDC,2018,Placeholder - 70050 Cote d'Ivoire HHS/CDC
70051,Cote d'Ivoire,HHS/CDC,2018,Placeholder - 70051 Cote d'Ivoire HHS/CDC
70052,Cote d'Ivoire,HHS/CDC,2018,Placeholder - 70052 Cote d'Ivoire HHS/CDC
70053,Cote d'Ivoire,HHS/CDC,2018,Placeholder - 70053 Cote d'Ivoire HHS/CDC
70054,Cote d'Ivoire,HHS/HRSA,2018,Placeholder - 70054 Cote d'Ivoire HHS/HRSA
70055,Cote d'Ivoire,HHS/HRSA,2018,Placeholder - 70055 Cote d'Ivoire HHS/HRSA
70056,Cote d'Ivoire,HHS/HRSA,2018,Placeholder - 70056 Cote d'Ivoire HHS/HRSA
70057,Cote d'Ivoire,USAID,2018,Placeholder - 70057 Cote d'Ivoire USAID
70058,Cote d'Ivoire,USAID,2018,Placeholder - 70058 Cote d'Ivoire USAID
70059,Cote d'Ivoire,USAID,2018,Placeholder - 70059 Cote d'Ivoire USAID
70060,Cote d'Ivoire,USAID,2018,Placeholder - 70060 Cote d'Ivoire USAID
70061,Cote d'Ivoire,USAID,2018,Placeholder - 70061 Cote d'Ivoire USAID
70062,Cote d'Ivoire,USAID,2018,Placeholder - 70062 Cote d'Ivoire USAID
70063,Democratic Republic of the Congo,DOD,2018,Placeholder - 70063 Democratic Republic of the Congo DOD
70064,Democratic Republic of the Congo,DOD,2018,Placeholder - 70064 Democratic Republic of the Congo DOD
70065,Democratic Republic of the Congo,HHS/CDC,2018,Placeholder - 70065 Democratic Republic of the Congo HHS/CDC
70066,Democratic Republic of the Congo,HHS/CDC,2018,Placeholder - 70066 Democratic Republic of the Congo HHS/CDC
70067,Democratic Republic of the Congo,HHS/CDC,2018,Placeholder - 70067 Democratic Republic of the Congo HHS/CDC
70068,Democratic Republic of the Congo,HHS/CDC,2018,Placeholder - 70068 Democratic Republic of the Congo HHS/CDC
70069,Democratic Republic of the Congo,USAID,2018,Placeholder - 70069 Democratic Republic of the Congo USAID
70070,Democratic Republic of the Congo,USAID,2018,Placeholder - 70070 Democratic Republic of the Congo USAID
70071,Democratic Republic of the Congo,USAID,2018,Placeholder - 70071 Democratic Republic of the Congo USAID
70072,Democratic Republic of the Congo,USAID,2018,Placeholder - 70072 Democratic Republic of the Congo USAID
70073,Ethiopia,DOD,2018,Placeholder - 70073 Ethiopia DOD
70074,Ethiopia,DOD,2018,Placeholder - 70074 Ethiopia DOD
70075,Ethiopia,HHS/CDC,2018,Placeholder - 70075 Ethiopia HHS/CDC
70076,Ethiopia,HHS/CDC,2018,Placeholder - 70076 Ethiopia HHS/CDC
70077,Ethiopia,HHS/CDC,2018,Placeholder - 70077 Ethiopia HHS/CDC
70078,Ethiopia,HHS/CDC,2018,Placeholder - 70078 Ethiopia HHS/CDC
70079,Ethiopia,HHS/CDC,2018,Placeholder - 70079 Ethiopia HHS/CDC
70080,Ethiopia,HHS/CDC,2018,Placeholder - 70080 Ethiopia HHS/CDC
70081,Ethiopia,HHS/CDC,2018,Placeholder - 70081 Ethiopia HHS/CDC
70082,Ethiopia,HHS/HRSA,2018,Placeholder - 70082 Ethiopia HHS/HRSA
70083,Ethiopia,HHS/HRSA,2018,Placeholder - 70083 Ethiopia HHS/HRSA
70084,Ethiopia,PC,2018,Placeholder - 70084 Ethiopia PC
70085,Ethiopia,PC,2018,Placeholder - 70085 Ethiopia PC
70086,Ethiopia,USAID,2018,Placeholder - 70086 Ethiopia USAID
70087,Ethiopia,USAID,2018,Placeholder - 70087 Ethiopia USAID
70088,Ethiopia,USAID,2018,Placeholder - 70088 Ethiopia USAID
70089,Ethiopia,USAID,2018,Placeholder - 70089 Ethiopia USAID
70090,Ethiopia,USAID,2018,Placeholder - 70090 Ethiopia USAID
70091,Ethiopia,USAID,2018,Placeholder - 70091 Ethiopia USAID
70092,Ethiopia,USAID,2018,Placeholder - 70092 Ethiopia USAID
70093,Ethiopia,USAID,2018,Placeholder - 70093 Ethiopia USAID
70094,Haiti,HHS/CDC,2018,Placeholder - 70094 Haiti HHS/CDC
70095,Haiti,HHS/CDC,2018,Placeholder - 70095 Haiti HHS/CDC
70096,Haiti,HHS/CDC,2018,Placeholder - 70096 Haiti HHS/CDC
70097,Haiti,HHS/CDC,2018,Placeholder - 70097 Haiti HHS/CDC
70098,Haiti,HHS/CDC,2018,Placeholder - 70098 Haiti HHS/CDC
70099,Haiti,HHS/CDC,2018,Placeholder - 70099 Haiti HHS/CDC
70100,Haiti,HHS/CDC,2018,Placeholder - 70100 Haiti HHS/CDC
70101,Haiti,USAID,2018,Placeholder - 70101 Haiti USAID
70102,Haiti,USAID,2018,Placeholder - 70102 Haiti USAID
70103,Haiti,USAID,2018,Placeholder - 70103 Haiti USAID
70104,Haiti,USAID,2018,Placeholder - 70104 Haiti USAID
70105,Haiti,USAID,2018,Placeholder - 70105 Haiti USAID
70106,Haiti,USAID,2018,Placeholder - 70106 Haiti USAID
70107,Haiti,USAID,2018,Placeholder - 70107 Haiti USAID
70108,Kenya,DOD,2018,Placeholder - 70108 Kenya DOD
70109,Kenya,DOD,2018,Placeholder - 70109 Kenya DOD
70110,Kenya,DOD,2018,Placeholder - 70110 Kenya DOD
70111,Kenya,DOD,2018,Placeholder - 70111 Kenya DOD
70112,Kenya,DOD,2018,Placeholder - 70112 Kenya DOD
70113,Kenya,DOD,2018,Placeholder - 70113 Kenya DOD
70114,Kenya,HHS/CDC,2018,Placeholder - 70114 Kenya HHS/CDC
70115,Kenya,HHS/CDC,2018,Placeholder - 70115 Kenya HHS/CDC
70116,Kenya,HHS/CDC,2018,Placeholder - 70116 Kenya HHS/CDC
70117,Kenya,HHS/CDC,2018,Placeholder - 70117 Kenya HHS/CDC
70118,Kenya,HHS/CDC,2018,Placeholder - 70118 Kenya HHS/CDC
70119,Kenya,HHS/CDC,2018,Placeholder - 70119 Kenya HHS/CDC
70120,Kenya,HHS/CDC,2018,Placeholder - 70120 Kenya HHS/CDC
70121,Kenya,HHS/CDC,2018,Placeholder - 70121 Kenya HHS/CDC
70122,Kenya,HHS/CDC,2018,Placeholder - 70122 Kenya HHS/CDC
70123,Kenya,HHS/CDC,2018,Placeholder - 70123 Kenya HHS/CDC
70124,Kenya,HHS/CDC,2018,Placeholder - 70124 Kenya HHS/CDC
70125,Kenya,HHS/CDC,2018,Placeholder - 70125 Kenya HHS/CDC
70126,Kenya,HHS/CDC,2018,Placeholder - 70126 Kenya HHS/CDC
70127,Kenya,HHS/CDC,2018,Placeholder - 70127 Kenya HHS/CDC
70128,Kenya,HHS/CDC,2018,Placeholder - 70128 Kenya HHS/CDC
70129,Kenya,HHS/CDC,2018,Placeholder - 70129 Kenya HHS/CDC
70130,Kenya,HHS/CDC,2018,Placeholder - 70130 Kenya HHS/CDC
70131,Kenya,HHS/CDC,2018,Placeholder - 70131 Kenya HHS/CDC
70132,Kenya,HHS/CDC,2018,Placeholder - 70132 Kenya HHS/CDC
70133,Kenya,HHS/CDC,2018,Placeholder - 70133 Kenya HHS/CDC
70134,Kenya,HHS/CDC,2018,Placeholder - 70134 Kenya HHS/CDC
70135,Kenya,HHS/CDC,2018,Placeholder - 70135 Kenya HHS/CDC
70136,Kenya,HHS/CDC,2018,Placeholder - 70136 Kenya HHS/CDC
70137,Kenya,HHS/CDC,2018,Placeholder - 70137 Kenya HHS/CDC
70138,Kenya,HHS/CDC,2018,Placeholder - 70138 Kenya HHS/CDC
70139,Kenya,HHS/CDC,2018,Placeholder - 70139 Kenya HHS/CDC
70140,Kenya,HHS/CDC,2018,Placeholder - 70140 Kenya HHS/CDC
70141,Kenya,HHS/CDC,2018,Placeholder - 70141 Kenya HHS/CDC
70142,Kenya,HHS/CDC,2018,Placeholder - 70142 Kenya HHS/CDC
70143,Kenya,HHS/HRSA,2018,Placeholder - 70143 Kenya HHS/HRSA
70144,Kenya,HHS/HRSA,2018,Placeholder - 70144 Kenya HHS/HRSA
70145,Kenya,HHS/HRSA,2018,Placeholder - 70145 Kenya HHS/HRSA
70146,Kenya,HHS/HRSA,2018,Placeholder - 70146 Kenya HHS/HRSA
70147,Kenya,HHS/HRSA,2018,Placeholder - 70147 Kenya HHS/HRSA
70148,Kenya,PC,2018,Placeholder - 70148 Kenya PC
70149,Kenya,PC,2018,Placeholder - 70149 Kenya PC
70150,Kenya,USAID,2018,Placeholder - 70150 Kenya USAID
70151,Kenya,USAID,2018,Placeholder - 70151 Kenya USAID
70152,Kenya,USAID,2018,Placeholder - 70152 Kenya USAID
70153,Kenya,USAID,2018,Placeholder - 70153 Kenya USAID
70154,Kenya,USAID,2018,Placeholder - 70154 Kenya USAID
70155,Kenya,USAID,2018,Placeholder - 70155 Kenya USAID
70156,Kenya,USAID,2018,Placeholder - 70156 Kenya USAID
70157,Kenya,USAID,2018,Placeholder - 70157 Kenya USAID
70158,Kenya,USAID,2018,Placeholder - 70158 Kenya USAID
70159,Lesotho,DOD,2018,Placeholder - 70159 Lesotho DOD
70160,Lesotho,DOD,2018,Placeholder - 70160 Lesotho DOD
70161,Lesotho,HHS/CDC,2018,Placeholder - 70161 Lesotho HHS/CDC
70162,Lesotho,HHS/CDC,2018,Placeholder - 70162 Lesotho HHS/CDC
70163,Lesotho,HHS/CDC,2018,Placeholder - 70163 Lesotho HHS/CDC
70164,Lesotho,PC,2018,Placeholder - 70164 Lesotho PC
70165,Lesotho,PC,2018,Placeholder - 70165 Lesotho PC
70166,Lesotho,USAID,2018,Placeholder - 70166 Lesotho USAID
70167,Lesotho,USAID,2018,Placeholder - 70167 Lesotho USAID
70168,Lesotho,USAID,2018,Placeholder - 70168 Lesotho USAID
70169,Lesotho,USAID,2018,Placeholder - 70169 Lesotho USAID
70170,Lesotho,USAID,2018,Placeholder - 70170 Lesotho USAID
70171,Lesotho,USAID,2018,Placeholder - 70171 Lesotho USAID
70172,Malawi,DOD,2018,Placeholder - 70172 Malawi DOD
70173,Malawi,DOD,2018,Placeholder - 70173 Malawi DOD
70174,Malawi,DOD,2018,Placeholder - 70174 Malawi DOD
70175,Malawi,HHS/CDC,2018,Placeholder - 70175 Malawi HHS/CDC
70176,Malawi,HHS/CDC,2018,Placeholder - 70176 Malawi HHS/CDC
70177,Malawi,HHS/CDC,2018,Placeholder - 70177 Malawi HHS/CDC
70178,Malawi,HHS/CDC,2018,Placeholder - 70178 Malawi HHS/CDC
70179,Malawi,HHS/CDC,2018,Placeholder - 70179 Malawi HHS/CDC
70180,Malawi,HHS/HRSA,2018,Placeholder - 70180 Malawi HHS/HRSA
70181,Malawi,HHS/HRSA,2018,Placeholder - 70181 Malawi HHS/HRSA
70182,Malawi,HHS/HRSA,2018,Placeholder - 70182 Malawi HHS/HRSA
70183,Malawi,PC,2018,Placeholder - 70183 Malawi PC
70184,Malawi,PC,2018,Placeholder - 70184 Malawi PC
70185,Malawi,USAID,2018,Placeholder - 70185 Malawi USAID
70186,Malawi,USAID,2018,Placeholder - 70186 Malawi USAID
70187,Malawi,USAID,2018,Placeholder - 70187 Malawi USAID
70188,Malawi,USAID,2018,Placeholder - 70188 Malawi USAID
70189,Malawi,USAID,2018,Placeholder - 70189 Malawi USAID
70190,Malawi,USAID,2018,Placeholder - 70190 Malawi USAID
70191,Malawi,USAID,2018,Placeholder - 70191 Malawi USAID
70192,Malawi,USAID,2018,Placeholder - 70192 Malawi USAID
70193,Malawi,USAID,2018,Placeholder - 70193 Malawi USAID
70194,Mozambique,DOD,2018,Placeholder - 70194 Mozambique DOD
70195,Mozambique,DOD,2018,Placeholder - 70195 Mozambique DOD
70196,Mozambique,DOD,2018,Placeholder - 70196 Mozambique DOD
70197,Mozambique,HHS/CDC,2018,Placeholder - 70197 Mozambique HHS/CDC
70198,Mozambique,HHS/CDC,2018,Placeholder - 70198 Mozambique HHS/CDC
70199,Mozambique,HHS/CDC,2018,Placeholder - 70199 Mozambique HHS/CDC
70200,Mozambique,HHS/CDC,2018,Placeholder - 70200 Mozambique HHS/CDC
70201,Mozambique,HHS/CDC,2018,Placeholder - 70201 Mozambique HHS/CDC
70202,Mozambique,HHS/HRSA,2018,Placeholder - 70202 Mozambique HHS/HRSA
70203,Mozambique,HHS/HRSA,2018,Placeholder - 70203 Mozambique HHS/HRSA
70204,Mozambique,HHS/HRSA,2018,Placeholder - 70204 Mozambique HHS/HRSA
70205,Mozambique,PC,2018,Placeholder - 70205 Mozambique PC
70206,Mozambique,PC,2018,Placeholder - 70206 Mozambique PC
70207,Mozambique,USAID,2018,Placeholder - 70207 Mozambique USAID
70208,Mozambique,USAID,2018,Placeholder - 70208 Mozambique USAID
70209,Mozambique,USAID,2018,Placeholder - 70209 Mozambique USAID
70210,Mozambique,USAID,2018,Placeholder - 70210 Mozambique USAID
70211,Mozambique,USAID,2018,Placeholder - 70211 Mozambique USAID
70212,Mozambique,USAID,2018,Placeholder - 70212 Mozambique USAID
70213,Mozambique,USAID,2018,Placeholder - 70213 Mozambique USAID
70214,Mozambique,USAID,2018,Placeholder - 70214 Mozambique USAID
70215,Mozambique,USAID,2018,Placeholder - 70215 Mozambique USAID
70216,Mozambique,USAID,2018,Placeholder - 70216 Mozambique USAID
70217,Mozambique,USAID,2018,Placeholder - 70217 Mozambique USAID
70218,Mozambique,USAID,2018,Placeholder - 70218 Mozambique USAID
70219,Mozambique,USAID,2018,Placeholder - 70219 Mozambique USAID
70220,Mozambique,USAID,2018,Placeholder - 70220 Mozambique USAID
70221,Mozambique,USAID,2018,Placeholder - 70221 Mozambique USAID
70222,Mozambique,USAID,2018,Placeholder - 70222 Mozambique USAID
70223,Mozambique,USAID,2018,Placeholder - 70223 Mozambique USAID
70224,Mozambique,USAID,2018,Placeholder - 70224 Mozambique USAID
70225,Mozambique,USAID,2018,Placeholder - 70225 Mozambique USAID
70226,Mozambique,USAID,2018,Placeholder - 70226 Mozambique USAID
70227,Mozambique,USAID,2018,Placeholder - 70227 Mozambique USAID
70228,Namibia,HHS/CDC,2018,Placeholder - 70228 Namibia HHS/CDC
70229,Namibia,HHS/CDC,2018,Placeholder - 70229 Namibia HHS/CDC
70230,Namibia,HHS/CDC,2018,Placeholder - 70230 Namibia HHS/CDC
70231,Namibia,HHS/CDC,2018,Placeholder - 70231 Namibia HHS/CDC
70232,Namibia,HHS/CDC,2018,Placeholder - 70232 Namibia HHS/CDC
70233,Namibia,HHS/CDC,2018,Placeholder - 70233 Namibia HHS/CDC
70234,Namibia,HHS/CDC,2018,Placeholder - 70234 Namibia HHS/CDC
70235,Namibia,HHS/CDC,2018,Placeholder - 70235 Namibia HHS/CDC
70236,Namibia,HHS/CDC,2018,Placeholder - 70236 Namibia HHS/CDC
70237,Namibia,HHS/CDC,2018,Placeholder - 70237 Namibia HHS/CDC
70238,Namibia,HHS/CDC,2018,Placeholder - 70238 Namibia HHS/CDC
70239,Namibia,HHS/CDC,2018,Placeholder - 70239 Namibia HHS/CDC
70240,Namibia,HHS/CDC,2018,Placeholder - 70240 Namibia HHS/CDC
70241,Namibia,HHS/CDC,2018,Placeholder - 70241 Namibia HHS/CDC
70242,Namibia,HHS/HRSA,2018,Placeholder - 70242 Namibia HHS/HRSA
70243,Namibia,HHS/HRSA,2018,Placeholder - 70243 Namibia HHS/HRSA
70244,Namibia,HHS/HRSA,2018,Placeholder - 70244 Namibia HHS/HRSA
70245,Namibia,PC,2018,Placeholder - 70245 Namibia PC
70246,Namibia,PC,2018,Placeholder - 70246 Namibia PC
70247,Namibia,USAID,2018,Placeholder - 70247 Namibia USAID
70248,Namibia,USAID,2018,Placeholder - 70248 Namibia USAID
70249,Namibia,USAID,2018,Placeholder - 70249 Namibia USAID
70250,Namibia,USAID,2018,Placeholder - 70250 Namibia USAID
70251,Namibia,USAID,2018,Placeholder - 70251 Namibia USAID
70252,Namibia,USAID,2018,Placeholder - 70252 Namibia USAID
70253,Namibia,USAID,2018,Placeholder - 70253 Namibia USAID
70254,Nigeria,DOD,2018,Placeholder - 70254 Nigeria DOD
70255,Nigeria,DOD,2018,Placeholder - 70255 Nigeria DOD
70256,Nigeria,HHS/CDC,2018,Placeholder - 70256 Nigeria HHS/CDC
70257,Nigeria,HHS/CDC,2018,Placeholder - 70257 Nigeria HHS/CDC
70258,Nigeria,HHS/CDC,2018,Placeholder - 70258 Nigeria HHS/CDC
70259,Nigeria,HHS/CDC,2018,Placeholder - 70259 Nigeria HHS/CDC
70260,Nigeria,HHS/CDC,2018,Placeholder - 70260 Nigeria HHS/CDC
70261,Nigeria,HHS/CDC,2018,Placeholder - 70261 Nigeria HHS/CDC
70262,Nigeria,HHS/CDC,2018,Placeholder - 70262 Nigeria HHS/CDC
70263,Nigeria,HHS/CDC,2018,Placeholder - 70263 Nigeria HHS/CDC
70264,Nigeria,HHS/HRSA,2018,Placeholder - 70264 Nigeria HHS/HRSA
70265,Nigeria,HHS/HRSA,2018,Placeholder - 70265 Nigeria HHS/HRSA
70266,Nigeria,HHS/HRSA,2018,Placeholder - 70266 Nigeria HHS/HRSA
70267,Nigeria,USAID,2018,Placeholder - 70267 Nigeria USAID
70268,Nigeria,USAID,2018,Placeholder - 70268 Nigeria USAID
70269,Nigeria,USAID,2018,Placeholder - 70269 Nigeria USAID
70270,Nigeria,USAID,2018,Placeholder - 70270 Nigeria USAID
70271,Nigeria,USAID,2018,Placeholder - 70271 Nigeria USAID
70272,Nigeria,USAID,2018,Placeholder - 70272 Nigeria USAID
70273,Nigeria,USAID,2018,Placeholder - 70273 Nigeria USAID
70274,Nigeria,USAID,2018,Placeholder - 70274 Nigeria USAID
70275,Nigeria,USAID,2018,Placeholder - 70275 Nigeria USAID
70276,Nigeria,USAID,2018,Placeholder - 70276 Nigeria USAID
70277,Rwanda,DOD,2018,Placeholder - 70277 Rwanda DOD
70278,Rwanda,DOD,2018,Placeholder - 70278 Rwanda DOD
70279,Rwanda,DOD,2018,Placeholder - 70279 Rwanda DOD
70280,Rwanda,HHS/CDC,2018,Placeholder - 70280 Rwanda HHS/CDC
70281,Rwanda,HHS/CDC,2018,Placeholder - 70281 Rwanda HHS/CDC
70282,Rwanda,HHS/CDC,2018,Placeholder - 70282 Rwanda HHS/CDC
70283,Rwanda,USAID,2018,Placeholder - 70283 Rwanda USAID
70284,Rwanda,USAID,2018,Placeholder - 70284 Rwanda USAID
70285,Rwanda,USAID,2018,Placeholder - 70285 Rwanda USAID
70286,Rwanda,USAID,2018,Placeholder - 70286 Rwanda USAID
70287,South Africa,DOD,2018,Placeholder - 70287 South Africa DOD
70288,South Africa,DOD,2018,Placeholder - 70288 South Africa DOD
70289,South Africa,DOD,2018,Placeholder - 70289 South Africa DOD
70290,South Africa,DOD,2018,Placeholder - 70290 South Africa DOD
70291,South Africa,HHS/CDC,2018,Placeholder - 70291 South Africa HHS/CDC
70292,South Africa,HHS/CDC,2018,Placeholder - 70292 South Africa HHS/CDC
70293,South Africa,HHS/CDC,2018,Placeholder - 70293 South Africa HHS/CDC
70294,South Africa,HHS/CDC,2018,Placeholder - 70294 South Africa HHS/CDC
70295,South Africa,HHS/CDC,2018,Placeholder - 70295 South Africa HHS/CDC
70296,South Africa,HHS/CDC,2018,Placeholder - 70296 South Africa HHS/CDC
70297,South Africa,HHS/CDC,2018,Placeholder - 70297 South Africa HHS/CDC
70298,South Africa,HHS/CDC,2018,Placeholder - 70298 South Africa HHS/CDC
70299,South Africa,HHS/CDC,2018,Placeholder - 70299 South Africa HHS/CDC
70300,South Africa,HHS/CDC,2018,Placeholder - 70300 South Africa HHS/CDC
70301,South Africa,HHS/HRSA,2018,Placeholder - 70301 South Africa HHS/HRSA
70302,South Africa,HHS/HRSA,2018,Placeholder - 70302 South Africa HHS/HRSA
70303,South Africa,HHS/HRSA,2018,Placeholder - 70303 South Africa HHS/HRSA
70304,South Africa,PC,2018,Placeholder - 70304 South Africa PC
70305,South Africa,PC,2018,Placeholder - 70305 South Africa PC
70306,South Africa,USAID,2018,Placeholder - 70306 South Africa USAID
70307,South Africa,USAID,2018,Placeholder - 70307 South Africa USAID
70308,South Africa,USAID,2018,Placeholder - 70308 South Africa USAID
70309,South Africa,USAID,2018,Placeholder - 70309 South Africa USAID
70310,South Africa,USAID,2018,Placeholder - 70310 South Africa USAID
70311,South Africa,USAID,2018,Placeholder - 70311 South Africa USAID
70312,South Sudan,DOD,2018,Placeholder - 70312 South Sudan DOD
70313,South Sudan,DOD,2018,Placeholder - 70313 South Sudan DOD
70314,South Sudan,DOD,2018,Placeholder - 70314 South Sudan DOD
70315,South Sudan,HHS/CDC,2018,Placeholder - 70315 South Sudan HHS/CDC
70316,South Sudan,HHS/CDC,2018,Placeholder - 70316 South Sudan HHS/CDC
70317,South Sudan,HHS/CDC,2018,Placeholder - 70317 South Sudan HHS/CDC
70318,South Sudan,USAID,2018,Placeholder - 70318 South Sudan USAID
70319,South Sudan,USAID,2018,Placeholder - 70319 South Sudan USAID
70320,South Sudan,USAID,2018,Placeholder - 70320 South Sudan USAID
70321,Swaziland,DOD,2018,Placeholder - 70321 Swaziland DOD
70322,Swaziland,DOD,2018,Placeholder - 70322 Swaziland DOD
70323,Swaziland,DOD,2018,Placeholder - 70323 Swaziland DOD
70324,Swaziland,HHS/CDC,2018,Placeholder - 70324 Swaziland HHS/CDC
70325,Swaziland,HHS/CDC,2018,Placeholder - 70325 Swaziland HHS/CDC
70326,Swaziland,HHS/CDC,2018,Placeholder - 70326 Swaziland HHS/CDC
70327,Swaziland,PC,2018,Placeholder - 70327 Swaziland PC
70328,Swaziland,PC,2018,Placeholder - 70328 Swaziland PC
70329,Swaziland,USAID,2018,Placeholder - 70329 Swaziland USAID
70330,Swaziland,USAID,2018,Placeholder - 70330 Swaziland USAID
70331,Swaziland,USAID,2018,Placeholder - 70331 Swaziland USAID
70332,Swaziland,USAID,2018,Placeholder - 70332 Swaziland USAID
70333,Swaziland,USAID,2018,Placeholder - 70333 Swaziland USAID
70334,Swaziland,USAID,2018,Placeholder - 70334 Swaziland USAID
70335,Swaziland,USAID,2018,Placeholder - 70335 Swaziland USAID
70336,Tanzania,DOD,2018,Placeholder - 70336 Tanzania DOD
70337,Tanzania,DOD,2018,Placeholder - 70337 Tanzania DOD
70338,Tanzania,DOD,2018,Placeholder - 70338 Tanzania DOD
70339,Tanzania,DOD,2018,Placeholder - 70339 Tanzania DOD
70340,Tanzania,HHS/CDC,2018,Placeholder - 70340 Tanzania HHS/CDC
70341,Tanzania,HHS/CDC,2018,Placeholder - 70341 Tanzania HHS/CDC
70342,Tanzania,HHS/CDC,2018,Placeholder - 70342 Tanzania HHS/CDC
70343,Tanzania,HHS/CDC,2018,Placeholder - 70343 Tanzania HHS/CDC
70344,Tanzania,HHS/CDC,2018,Placeholder - 70344 Tanzania HHS/CDC
70345,Tanzania,HHS/CDC,2018,Placeholder - 70345 Tanzania HHS/CDC
70346,Tanzania,HHS/CDC,2018,Placeholder - 70346 Tanzania HHS/CDC
70347,Tanzania,HHS/CDC,2018,Placeholder - 70347 Tanzania HHS/CDC
70348,Tanzania,HHS/CDC,2018,Placeholder - 70348 Tanzania HHS/CDC
70349,Tanzania,HHS/CDC,2018,Placeholder - 70349 Tanzania HHS/CDC
70350,Tanzania,HHS/HRSA,2018,Placeholder - 70350 Tanzania HHS/HRSA
70351,Tanzania,HHS/HRSA,2018,Placeholder - 70351 Tanzania HHS/HRSA
70352,Tanzania,HHS/HRSA,2018,Placeholder - 70352 Tanzania HHS/HRSA
70353,Tanzania,PC,2018,Placeholder - 70353 Tanzania PC
70354,Tanzania,PC,2018,Placeholder - 70354 Tanzania PC
70355,Tanzania,USAID,2018,Placeholder - 70355 Tanzania USAID
70356,Tanzania,USAID,2018,Placeholder - 70356 Tanzania USAID
70357,Tanzania,USAID,2018,Placeholder - 70357 Tanzania USAID
70358,Tanzania,USAID,2018,Placeholder - 70358 Tanzania USAID
70359,Tanzania,USAID,2018,Placeholder - 70359 Tanzania USAID
70360,Tanzania,USAID,2018,Placeholder - 70360 Tanzania USAID
70361,Tanzania,USAID,2018,Placeholder - 70361 Tanzania USAID
70362,Tanzania,USAID,2018,Placeholder - 70362 Tanzania USAID
70363,Uganda,DOD,2018,Placeholder - 70363 Uganda DOD
70364,Uganda,DOD,2018,Placeholder - 70364 Uganda DOD
70365,Uganda,DOD,2018,Placeholder - 70365 Uganda DOD
70366,Uganda,DOD,2018,Placeholder - 70366 Uganda DOD
70367,Uganda,HHS/CDC,2018,Placeholder - 70367 Uganda HHS/CDC
70368,Uganda,HHS/CDC,2018,Placeholder - 70368 Uganda HHS/CDC
70369,Uganda,HHS/CDC,2018,Placeholder - 70369 Uganda HHS/CDC
70370,Uganda,HHS/CDC,2018,Placeholder - 70370 Uganda HHS/CDC
70371,Uganda,HHS/CDC,2018,Placeholder - 70371 Uganda HHS/CDC
70372,Uganda,HHS/CDC,2018,Placeholder - 70372 Uganda HHS/CDC
70373,Uganda,HHS/CDC,2018,Placeholder - 70373 Uganda HHS/CDC
70374,Uganda,HHS/CDC,2018,Placeholder - 70374 Uganda HHS/CDC
70375,Uganda,HHS/CDC,2018,Placeholder - 70375 Uganda HHS/CDC
70376,Uganda,HHS/CDC,2018,Placeholder - 70376 Uganda HHS/CDC
70377,Uganda,HHS/CDC,2018,Placeholder - 70377 Uganda HHS/CDC
70378,Uganda,HHS/CDC,2018,Placeholder - 70378 Uganda HHS/CDC
70379,Uganda,HHS/HRSA,2018,Placeholder - 70379 Uganda HHS/HRSA
70380,Uganda,HHS/HRSA,2018,Placeholder - 70380 Uganda HHS/HRSA
70381,Uganda,HHS/HRSA,2018,Placeholder - 70381 Uganda HHS/HRSA
70382,Uganda,PC,2018,Placeholder - 70382 Uganda PC
70383,Uganda,PC,2018,Placeholder - 70383 Uganda PC
70384,Uganda,USAID,2018,Placeholder - 70384 Uganda USAID
70385,Uganda,USAID,2018,Placeholder - 70385 Uganda USAID
70386,Uganda,USAID,2018,Placeholder - 70386 Uganda USAID
70387,Uganda,USAID,2018,Placeholder - 70387 Uganda USAID
70388,Uganda,USAID,2018,Placeholder - 70388 Uganda USAID
70389,Uganda,USAID,2018,Placeholder - 70389 Uganda USAID
70390,Uganda,USAID,2018,Placeholder - 70390 Uganda USAID
70391,Uganda,USAID,2018,Placeholder - 70391 Uganda USAID
70392,Uganda,USAID,2018,Placeholder - 70392 Uganda USAID
70393,Uganda,USAID,2018,Placeholder - 70393 Uganda USAID
70394,Uganda,USAID,2018,Placeholder - 70394 Uganda USAID
70395,Uganda,USAID,2018,Placeholder - 70395 Uganda USAID
70396,Uganda,USAID,2018,Placeholder - 70396 Uganda USAID
70397,Uganda,USAID,2018,Placeholder - 70397 Uganda USAID
70398,Ukraine,DOD,2018,Placeholder - 70398 Ukraine DOD
70399,Ukraine,DOD,2018,Placeholder - 70399 Ukraine DOD
70400,Ukraine,DOD,2018,Placeholder - 70400 Ukraine DOD
70401,Ukraine,HHS/CDC,2018,Placeholder - 70401 Ukraine HHS/CDC
70402,Ukraine,HHS/CDC,2018,Placeholder - 70402 Ukraine HHS/CDC
70403,Ukraine,HHS/CDC,2018,Placeholder - 70403 Ukraine HHS/CDC
70404,Ukraine,HHS/CDC,2018,Placeholder - 70404 Ukraine HHS/CDC
70405,Ukraine,HHS/HRSA,2018,Placeholder - 70405 Ukraine HHS/HRSA
70406,Ukraine,HHS/HRSA,2018,Placeholder - 70406 Ukraine HHS/HRSA
70407,Ukraine,HHS/HRSA,2018,Placeholder - 70407 Ukraine HHS/HRSA
70408,Ukraine,PC,2018,Placeholder - 70408 Ukraine PC
70409,Ukraine,PC,2018,Placeholder - 70409 Ukraine PC
70410,Ukraine,USAID,2018,Placeholder - 70410 Ukraine USAID
70411,Ukraine,USAID,2018,Placeholder - 70411 Ukraine USAID
70412,Ukraine,USAID,2018,Placeholder - 70412 Ukraine USAID
70413,Ukraine,USAID,2018,Placeholder - 70413 Ukraine USAID
70414,Ukraine,USAID,2018,Placeholder - 70414 Ukraine USAID
70415,Ukraine,USAID,2018,Placeholder - 70415 Ukraine USAID
70416,Vietnam,DOD,2018,Placeholder - 70416 Vietnam DOD
70417,Vietnam,DOD,2018,Placeholder - 70417 Vietnam DOD
70418,Vietnam,HHS/CDC,2018,Placeholder - 70418 Vietnam HHS/CDC
70419,Vietnam,HHS/CDC,2018,Placeholder - 70419 Vietnam HHS/CDC
70420,Vietnam,HHS/CDC,2018,Placeholder - 70420 Vietnam HHS/CDC
70421,Vietnam,HHS/HRSA,2018,Placeholder - 70421 Vietnam HHS/HRSA
70422,Vietnam,HHS/HRSA,2018,Placeholder - 70422 Vietnam HHS/HRSA
70423,Vietnam,HHS/SAMHSA,2018,Placeholder - 70423 Vietnam HHS/SAMHSA
70424,Vietnam,HHS/SAMHSA,2018,Placeholder - 70424 Vietnam HHS/SAMHSA
70425,Vietnam,HHS/SAMHSA,2018,Placeholder - 70425 Vietnam HHS/SAMHSA
70426,Vietnam,HHS/SAMHSA,2018,Placeholder - 70426 Vietnam HHS/SAMHSA
70427,Vietnam,USAID,2018,Placeholder - 70427 Vietnam USAID
70428,Vietnam,USAID,2018,Placeholder - 70428 Vietnam USAID
70429,Vietnam,USAID,2018,Placeholder - 70429 Vietnam USAID
70430,Vietnam,USAID,2018,Placeholder - 70430 Vietnam USAID
70431,Vietnam,USAID,2018,Placeholder - 70431 Vietnam USAID
70432,Zambia,DOD,2018,Placeholder - 70432 Zambia DOD
70433,Zambia,DOD,2018,Placeholder - 70433 Zambia DOD
70434,Zambia,HHS/CDC,2018,Placeholder - 70434 Zambia HHS/CDC
70435,Zambia,HHS/CDC,2018,Placeholder - 70435 Zambia HHS/CDC
70436,Zambia,HHS/CDC,2018,Placeholder - 70436 Zambia HHS/CDC
70437,Zambia,HHS/CDC,2018,Placeholder - 70437 Zambia HHS/CDC
70438,Zambia,HHS/CDC,2018,Placeholder - 70438 Zambia HHS/CDC
70439,Zambia,HHS/CDC,2018,Placeholder - 70439 Zambia HHS/CDC
70440,Zambia,HHS/CDC,2018,Placeholder - 70440 Zambia HHS/CDC
70441,Zambia,HHS/CDC,2018,Placeholder - 70441 Zambia HHS/CDC
70442,Zambia,HHS/CDC,2018,Placeholder - 70442 Zambia HHS/CDC
70443,Zambia,HHS/CDC,2018,Placeholder - 70443 Zambia HHS/CDC
70444,Zambia,HHS/CDC,2018,Placeholder - 70444 Zambia HHS/CDC
70445,Zambia,HHS/CDC,2018,Placeholder - 70445 Zambia HHS/CDC
70446,Zambia,HHS/HRSA,2018,Placeholder - 70446 Zambia HHS/HRSA
70447,Zambia,HHS/HRSA,2018,Placeholder - 70447 Zambia HHS/HRSA
70448,Zambia,HHS/HRSA,2018,Placeholder - 70448 Zambia HHS/HRSA
70449,Zambia,HHS/HRSA,2018,Placeholder - 70449 Zambia HHS/HRSA
70450,Zambia,PC,2018,Placeholder - 70450 Zambia PC
70451,Zambia,PC,2018,Placeholder - 70451 Zambia PC
70452,Zambia,PC,2018,Placeholder - 70452 Zambia PC
70453,Zambia,USAID,2018,Placeholder - 70453 Zambia USAID
70454,Zambia,USAID,2018,Placeholder - 70454 Zambia USAID
70455,Zambia,USAID,2018,Placeholder - 70455 Zambia USAID
70456,Zambia,USAID,2018,Placeholder - 70456 Zambia USAID
70457,Zambia,USAID,2018,Placeholder - 70457 Zambia USAID
70458,Zambia,USAID,2018,Placeholder - 70458 Zambia USAID
70459,Zambia,USAID,2018,Placeholder - 70459 Zambia USAID
70460,Zambia,USAID,2018,Placeholder - 70460 Zambia USAID
70461,Zambia,USAID,2018,Placeholder - 70461 Zambia USAID
70462,Zambia,USAID,2018,Placeholder - 70462 Zambia USAID
70463,Zambia,USAID,2018,Placeholder - 70463 Zambia USAID
70464,Zimbabwe,HHS/CDC,2018,Placeholder - 70464 Zimbabwe HHS/CDC
70465,Zimbabwe,HHS/CDC,2018,Placeholder - 70465 Zimbabwe HHS/CDC
70466,Zimbabwe,HHS/CDC,2018,Placeholder - 70466 Zimbabwe HHS/CDC
70467,Zimbabwe,HHS/CDC,2018,Placeholder - 70467 Zimbabwe HHS/CDC
70468,Zimbabwe,HHS/CDC,2018,Placeholder - 70468 Zimbabwe HHS/CDC
70469,Zimbabwe,HHS/CDC,2018,Placeholder - 70469 Zimbabwe HHS/CDC
70470,Zimbabwe,HHS/HRSA,2018,Placeholder - 70470 Zimbabwe HHS/HRSA
70471,Zimbabwe,HHS/HRSA,2018,Placeholder - 70471 Zimbabwe HHS/HRSA
70472,Zimbabwe,HHS/HRSA,2018,Placeholder - 70472 Zimbabwe HHS/HRSA
70473,Zimbabwe,USAID,2018,Placeholder - 70473 Zimbabwe USAID
70474,Zimbabwe,USAID,2018,Placeholder - 70474 Zimbabwe USAID
70475,Zimbabwe,USAID,2018,Placeholder - 70475 Zimbabwe USAID
70476,Zimbabwe,USAID,2018,Placeholder - 70476 Zimbabwe USAID
70477,Zimbabwe,USAID,2018,Placeholder - 70477 Zimbabwe USAID
70478,Zimbabwe,USAID,2018,Placeholder - 70478 Zimbabwe USAID
70479,Zimbabwe,USAID,2018,Placeholder - 70479 Zimbabwe USAID
70500,Botswana,State/SGAC,2018,Placeholder - 70500 Botswana State/SGAC
70501,Burundi,State/SGAC,2018,Placeholder - 70501 Burundi State/SGAC
70502,Cameroon,State/SGAC,2018,Placeholder - 70502 Cameroon State/SGAC
70503,Cote d'Ivoire,State/SGAC,2018,Placeholder - 70503 Cote d'Ivoire State/SGAC
70504,Democratic Republic of the Congo,State/SGAC,2018,Placeholder - 70504 Democratic Republic of the Congo State/SGAC
70505,Ethiopia,State/SGAC,2018,Placeholder - 70505 Ethiopia State/SGAC
70506,Haiti,State/SGAC,2018,Placeholder - 70506 Haiti State/SGAC
70507,Kenya,State/SGAC,2018,Placeholder - 70507 Kenya State/SGAC
70508,Lesotho,State/SGAC,2018,Placeholder - 70508 Lesotho State/SGAC
70509,Malawi,State/SGAC,2018,Placeholder - 70509 Malawi State/SGAC
70510,Mozambique,State/SGAC,2018,Placeholder - 70510 Mozambique State/SGAC
70511,Namibia,State/SGAC,2018,Placeholder - 70511 Namibia State/SGAC
70512,Nigeria,State/SGAC,2018,Placeholder - 70512 Nigeria State/SGAC
70513,Rwanda,State/SGAC,2018,Placeholder - 70513 Rwanda State/SGAC
70514,South Africa,State/SGAC,2018,Placeholder - 70514 South Africa State/SGAC
70515,South Sudan,State/SGAC,2018,Placeholder - 70515 South Sudan State/SGAC
70516,Swaziland,State/SGAC,2018,Placeholder - 70516 Swaziland State/SGAC
70517,Tanzania,State/SGAC,2018,Placeholder - 70517 Tanzania State/SGAC
70518,Uganda,State/SGAC,2018,Placeholder - 70518 Uganda State/SGAC
70519,Ukraine,State/SGAC,2018,Placeholder - 70519 Ukraine State/SGAC
70520,Vietnam,State/SGAC,2018,Placeholder - 70520 Vietnam State/SGAC
70521,Zambia,State/SGAC,2018,Placeholder - 70521 Zambia State/SGAC
70522,Zimbabwe,State/SGAC,2018,Placeholder - 70522 Zimbabwe State/SGAC
80002,South Africa,USAID,2018,Placeholder – 80002 South Africa USAID
80004,South Africa,USAID,2018,Placeholder – 80004 South Africa USAID
80005,South Africa,USAID,2018,Placeholder – 80005 South Africa USAID
80006,South Africa,USAID,2018,Placeholder – 80006 South Africa USAID
80007,South Africa,USAID,2018,Placeholder – 80007 South Africa USAID
80008,South Africa,USAID,2018,Placeholder – 80008 South Africa USAID
80009,South Africa,USAID,2018,Placeholder – 80009 South Africa USAID
80010,South Africa,USAID,2018,Placeholder – 80010 South Africa USAID
80011,South Africa,USAID,2018,Placeholder – 80011 South Africa USAID
80012,South Africa,USAID,2018,Placeholder – 80012 South Africa USAID
